Municipi;Comarca;Codi;Altitud(m);Superfície(km2);Població;
Abella de la Conca;Pallars Jussà;250019;956;78.27;183;
Abrera;Baix Llobregat;080018 ;105;19.94;12538;
Àger;Noguera;250024;642;160.57;580;
Agramunt;Urgell;250030;337;79.65;5411;
Aguilar de Segarra;Bages;080023 ;480;43.32;282;
Agullana;Alt Empordà;170010;166;27.73;863;
Aiguafreda;Vallès Oriental;080142 ;404;7.9;2512;
Aiguamúrcia;Alt Camp;430017;314;72.95;930;
Aiguaviva;Gironès;170025;169;13.92;765;
Aitona;Segrià;250387;110;66.9;2567;
Alamús. els;Segrià;250045;212;20.53;811;
Alàs i Cerc;Alt Urgell;250058;768;57.67;320;
Albagés. l';Garrigues;250061;372;25.7;361;
Albanyà;Alt Empordà;170031;239;94.39;155;
Albatàrrec;Segrià;250077;147;10.46;2236;
Albesa;Noguera;250083;237;37.61;1561;
Albi. l';Garrigues;250096;526;32.54;744;
Albinyana;Baix Penedès;430022;198;19.37;2468;
Albiol. l';Baix Camp;430038;823;20.34;500;
Albons;Baix Empordà;170046;25;11.13;759;
Alcanar;Montsià;430043;72;47.07;9434;
Alcanó;Segrià;250100;214;21.03;238;
Alcarràs;Segrià;250117;137;114.29;9707;
Alcoletge;Segrià;250122;213;16.7;3435;
Alcover;Alt Camp;430056;243;46;5144;
Aldea. l';Baix Ebre;439044;9;35.21;4147;
Aldover;Baix Ebre;430069;14;20.2;905;
Aleixar. l';Baix Camp;430075;262;26.1;893;
Alella;Maresme;080039 ;90;9.58;9904;
Alfara de Carles;Baix Ebre;430081;334;63.87;376;
Alfarràs;Segrià;250138;281;11.4;2765;
Alfés;Segrià;250143;236;31.94;297;
Alforja;Baix Camp;430094;374;38.24;1783;
Algerri;Noguera;250156;345;54.32;404;
Alguaire;Segrià;250169;304;50.11;3029;
Alins;Pallars Sobirà;250175;1 048;183.19;272;
Alió;Alt Camp;430108;263;7.25;458;
Almacelles;Segrià;250194;247;49.03;6826;
Almatret;Segrià;250208;462;56.83;305;
Almenar;Segrià;250215;329;66.59;3357;
Almoster;Baix Camp;430115;290;5.96;1341;
Alòs de Balaguer;Noguera;250220;297;69.08;132;
Alp;Cerdanya;170062;1 158;44.29;1593;
Alpens;Osona;080044 ;855;13.8;261;
Alpicat;Segrià;250236;264;15.33;6266;
Alt Àneu;Pallars Sobirà;250241;1 076;217.76;414;
Altafulla;Tarragonès;430120;52;6.95;5307;
Amer;Selva;170078;186;40.08;2332;
Ametlla de Mar. l';Baix Ebre;430136;19;66.86;6866;
Ametlla del Vallès. l';Vallès Oriental;080057 ;281;14.24;8646;
Ampolla. l';Baix Ebre;439060;8;35.65;3277;
Amposta;Montsià;430141;8;138.31;21115;
Anglès;Selva;170084;181;16.31;5654;
Anglesola;Urgell;250273;335;23.53;1365;
Arbeca;Garrigues;250292;332;58.34;2126;
Arboç. l';Baix Penedès;430167;166;14.13;5609;
Arbolí;Baix Camp;430154;714;20.78;127;
Arbúcies;Selva;170097;291;86.22;6608;
Arenys de Mar;Maresme;080060 ;10;6.75;15941;
Arenys de Munt;Maresme;080076 ;121;21.29;9121;
Argelaguer;Garrotxa;170101;183;12.54;396;
Argençola;Anoia;080082 ;716;47.09;219;
Argentera. l';Baix Camp;430173;344;10.12;117;
Argentona;Maresme;080095 ;88;25.4;12536;
Armentera. l';Alt Empordà;170118;7;5.6;951;
Arnes;Terra Alta;430189;506;42.97;444;
Arres;Val d'Aran;250313;1 224;11.57;60;
Arsèguel;Alt Urgell;250328;950;10.59;81;
Artés;Bages;080109 ;316;17.87;5762;
Artesa de Lleida;Segrià;250334;202;23.94;1535;
Artesa de Segre;Noguera;250349;318;175.9;3400;
Ascó;Ribera d'Ebre;430192;70;73.63;1644;
Aspa;Segrià;250365;256;10.21;220;
Avellanes i Santa Linya. les;Noguera;250371;567;102.96;433;
Avià;Berguedà;080116 ;677;27.23;2220;
Avinyó;Bages;080121 ;353;63.23;2289;
Avinyonet de Puigventós;Alt Empordà;170123;70;12.3;1641;
Avinyonet del Penedès;Alt Penedès;080137 ;280;29.13;1697;
Badalona;Barcelonès;080155 ;6;21.18;223166;
Badia del Vallès;Vallès Occidental;089045 ;120;0.93;13415;
Bagà;Berguedà;080168 ;785;43.13;2140;
Baix Pallars;Pallars Sobirà;250390;591;129.41;331;
Balaguer;Noguera;250404;233;57.32;17472;
Balenyà;Osona;080174 ;587;17.37;3840;
Balsareny;Bages;080180 ;327;36.91;3192;
Banyeres del Penedès;Baix Penedès;430206;173;12.19;3207;
Banyoles;Pla de l'Estany;170157;172;11.05;20053;
Barbens;Pla d'Urgell;250411;283;7.56;878;
Barberà de la Conca;Conca de Barberà;430213;475;26.6;471;
Barberà del Vallès;Vallès Occidental;082520 ;146;8.31;33334;
Barcelona;Barcelonès;080193 ;9;101.35;1664182;
Baronia de Rialb. la;Noguera;250426;388;145.08;229;
Bàscara;Alt Empordà;170160;66;17.5;1001;
Bassella;Alt Urgell;250447;423;70.25;217;
Batea;Terra Alta;430228;376;128.41;1901;
Bausen;Val d'Aran;250450;931;17.72;60;
Begues;Baix Llobregat;080207 ;399;50.44;7300;
Begur;Baix Empordà;170139;200;20.66;3891;
Belianes;Urgell;250463;373;15.69;520;
Bellaguarda;Garrigues;251706;640;17.14;287;
Bellcaire d'Empordà;Baix Empordà;170182;35;12.64;678;
Bellcaire d'Urgell;Noguera;250479;267;31.38;1199;
Bell-lloc d'Urgell;Pla d'Urgell;250485;196;34.92;2335;
Bellmunt d'Urgell;Noguera;250498;379;5.11;185;
Bellmunt del Priorat;Priorat;430234;261;8.86;273;
Bellprat;Anoia;080214 ;653;30.97;64;
Bellpuig;Urgell;250501;308;34.98;5218;
Bellvei;Baix Penedès;430249;108;8.27;2237;
Bellver de Cerdanya;Cerdanya;250518;1 061;98.15;2005;
Bellvís;Pla d'Urgell;250523;207;46.7;2260;
Benavent de Segrià;Segrià;250539;234;7.43;1518;
Benifallet;Baix Ebre;430252;19;62.42;723;
Benissanet;Ribera d'Ebre;430265;26;23.06;1140;
Berga;Berguedà;080229 ;704;22.57;16760;
Besalú;Garrotxa;170195;151;4.93;2487;
Bescanó;Gironès;170209;102;35.92;4991;
Beuda;Garrotxa;170216;338;35.91;186;
Bigues i Riells del Fai;Vallès Oriental;080235 ;307;28.64;9358;
Biosca;Segarra;250557;455;66.21;177;
Bisbal d'Empordà. la;Baix Empordà;170221;39;20.62;11159;
Bisbal de Falset. la;Priorat;430271;372;14.14;211;
Bisbal del Penedès. la;Baix Penedès;430287;189;32.54;3631;
Biure;Alt Empordà;172348;81;10.02;241;
Blancafort;Conca de Barberà;430290;428;14.48;382;
Blanes;Selva;170237;13;17.66;39914;
Boadella i les Escaules;Alt Empordà;170293;82;10.78;272;
Bolvir;Cerdanya;170242;1 145;10.34;375;
Bonastre;Baix Penedès;430304;177;24.97;685;
Bòrdes. Es;Val d'Aran;250576;852;21.44;255;
Bordils;Gironès;170255;42;7.32;1761;
Borges Blanques. les;Garrigues;250582;304;61.55;6173;
Borges del Camp. les;Baix Camp;430311;238;8.24;2056;
Borrassà;Alt Empordà;170268;73;9.45;733;
Borredà;Berguedà;080240 ;854;43.45;464;
Bossòst;Val d'Aran;250595;710;28.17;1115;
Bot;Terra Alta;430326;286;34.94;554;
Botarell;Baix Camp;430332;196;11.95;1077;
Bovera;Garrigues;250560;297;31.12;248;
Bràfim;Alt Camp;430347;236;6.42;695;
Breda;Selva;170274;169;5.02;3762;
Bruc. el;Anoia;080253 ;489;47.2;2110;
Brull. el;Osona;080266 ;843;41.03;258;
Brunyola i Sant Martí Sapresa;Selva;170280;247;36.82;389;
Cabacés;Priorat;430350;358;31.27;302;
Cabanabona;Noguera;250609;421;14.16;71;
Cabanelles;Alt Empordà;170314;194;55.58;267;
Cabanes;Alt Empordà;170307;26;15.02;968;
Cabanyes. les;Alt Penedès;080272 ;252;1.15;979;
Cabó;Alt Urgell;250616;768;80.33;93;
Cabra del Camp;Alt Camp;430363;493;26.95;1175;
Cabrera d'Anoia;Anoia;080288 ;299;17;1482;
Cabrera de Mar;Maresme;080291 ;104;8.98;4747;
Cabrils;Maresme;080305 ;147;7.05;7432;
Cadaqués;Alt Empordà;170329;23;26.43;2695;
Calaf;Anoia;080312 ;680;9.22;3656;
Calafell;Baix Penedès;430379;67;20.38;27601;
Calders;Moianès;080348 ;552;33.09;1045;
Caldes d'Estrac;Maresme;080327 ;33;0.88;3021;
Caldes de Malavella;Selva;170335;84;57.33;7872;
Caldes de Montbui;Vallès Oriental;080333 ;203;37.45;17812;
Calella;Maresme;080351 ;5;8;19277;
Calldetenes;Osona;080370 ;489;5.8;2513;
Callús;Bages;080386 ;260;12.5;2129;
Calonge de Segarra;Anoia;080364 ;688;37.15;188;
Calonge i Sant Antoni;Baix Empordà;170340;22;33.57;11331;
Camarasa;Noguera;250621;321;157.13;810;
Camarles;Baix Ebre;439039;13;25.16;3194;
Cambrils;Baix Camp;430385;24;35.21;34734;
Camós;Pla de l'Estany;170353;168;15.66;677;
Campdevànol;Ripollès;170366;738;32.62;3232;
Campelles;Ripollès;170372;1 303;18.64;140;
Campins;Vallès Oriental;080399 ;321;7.29;541;
Campllong;Gironès;170388;113;8.59;537;
Camprodon;Ripollès;170391;947;103.38;2298;
Canejan;Val d'Aran;250637;906;48.32;89;
Canet d'Adri;Gironès;170405;217;44.41;729;
Canet de Mar;Maresme;080403 ;15;5.56;14865;
Canonja. la;Tarragonès;439076;50;7.32;5956;
Canovelles;Vallès Oriental;080410 ;175;6.66;16829;
Cànoves i Samalús;Vallès Oriental;080425 ;346;29.19;3156;
Cantallops;Alt Empordà;170412;200;19.62;309;
Canyelles;Garraf;080431 ;142;14.23;4699;
Capafonts;Baix Camp;430398;751;13.35;111;
Capçanes;Priorat;430402;223;22.49;392;
Capellades;Anoia;080446 ;317;2.94;5342;
Capmany;Alt Empordà;170427;107;26.4;611;
Capolat;Berguedà;080459 ;1 279;34.13;84;
Cardedeu;Vallès Oriental;080462 ;193;12.1;18424;
Cardona;Bages;080478 ;507;66.7;4639;
Carme;Anoia;080484 ;351;11.68;785;
Caseres;Terra Alta;430419;324;42.9;237;
Cassà de la Selva;Gironès;170448;137;45.21;10410;
Casserres;Berguedà;080497 ;611;29.46;1588;
Castell de l'Areny;Berguedà;080575 ;954;24.35;67;
Castell de Mur;Pallars Jussà;259046;532;62.42;173;
Castellar de la Ribera;Solsonès;250642;657;60.19;131;
Castellar de n'Hug;Berguedà;080522 ;1 395;47.12;156;
Castellar del Riu;Berguedà;080500 ;920;32.74;176;
Castellar del Vallès;Vallès Occidental;080517 ;331;44.91;24488;
Castellbell i el Vilar;Bages;080538 ;178;28.47;3719;
Castellbisbal;Vallès Occidental;080543 ;132;31.03;12539;
Castellcir;Moianès;080556 ;773;34.18;742;
Castelldans;Garrigues;250674;353;65.1;930;
Castelldefels;Baix Llobregat;080569 ;3;12.87;67460;
Castellet i la Gornal;Alt Penedès;080581 ;137;47.48;2382;
Castellfollit de la Roca;Garrotxa;170464;296;0.73;947;
Castellfollit de Riubregós;Anoia;080608 ;467;26.21;162;
Castellfollit del Boix;Bages;080594 ;700;58.9;447;
Castellgalí;Bages;080615 ;266;17.21;2119;
Castellnou de Bages;Bages;080620 ;469;29.16;1437;
Castellnou de Seana;Pla d'Urgell;250680;269;16.11;665;
Castelló d'Empúries;Alt Empordà;170470;17;42.3;11100;
Castelló de Farfanya;Noguera;250693;358;52.62;539;
Castellolí;Anoia;080636 ;415;25.28;626;
Castell-Platja d'Aro;Baix Empordà;170486;5;21.75;11030;
Castellserà;Urgell;250707;267;15.84;996;
Castellterçol;Moianès;080641 ;726;31.9;2548;
Castellvell del Camp;Baix Camp;430424;219;5.21;2828;
Castellví de la Marca;Alt Penedès;080654 ;198;28.4;1575;
Castellví de Rosanes;Baix Llobregat;080667 ;178;16.38;1933;
Catllar. el;Tarragonès;430430;59;26.43;4557;
Cava;Alt Urgell;250714;1 335;42.19;45;
Cellera de Ter. la;Selva;171899;166;14.63;1950;
Celrà;Gironès;170499;71;19.53;5561;
Centelles;Osona;080673 ;496;15.18;7513;
Cercs;Berguedà;082687 ;650;47.35;1150;
Cerdanyola del Vallès;Vallès Occidental;082665 ;82;30.56;57855;
Cervelló;Baix Llobregat;080689 ;122;24.1;9077;
Cervera;Segarra;250729;548;55.19;9350;
Cervià de les Garrigues;Garrigues;250735;444;34.2;662;
Cervià de Ter;Gironès;170502;45;9.9;966;
Cistella;Alt Empordà;170519;130;25.55;282;
Ciutadilla;Urgell;250740;519;17.03;208;
Clariana de Cardener;Solsonès;250753;500;40.78;161;
Cogul. el;Garrigues;250766;279;17.51;151;
Colera;Alt Empordà;170545;10;24.35;445;
Coll de Nargó;Alt Urgell;250772;573;151.41;540;
Collbató;Baix Llobregat;080692 ;388;18.07;4544;
Colldejou;Baix Camp;430458;431;14.48;168;
Collsuspina;Moianès;080706 ;901;15.06;359;
Colomers;Baix Empordà;170558;41;4.35;174;
Coma i la Pedra. la;Solsonès;251636;1 004;60.62;255;
Conca de Dalt;Pallars Jussà;251615;507;166.48;410;
Conesa;Conca de Barberà;430461;705;29.02;100;
Constantí;Tarragonès;430477;81;30.87;6665;
Copons;Anoia;080713 ;432;18.66;321;
Corbera d'Ebre;Terra Alta;430483;337;53.09;1003;
Corbera de Llobregat;Baix Llobregat;080728 ;342;18.41;14882;
Corbins;Segrià;250788;211;21.01;1462;
Corçà;Baix Empordà;170577;43;16.29;1268;
Cornellà de Llobregat;Baix Llobregat;080734 ;27;6.99;89936;
Cornellà del Terri;Pla de l'Estany;170561;96;27.71;2399;
Cornudella de Montsant;Priorat;430496;533;63.5;944;
Creixell;Tarragonès;430509;48;10.46;3758;
Crespià;Pla de l'Estany;170583;138;11.38;254;
Cruïlles. Monells i Sant Sadurní de l'Heura;Baix Empordà;179011;110;99.84;1270;
Cubelles;Garraf;080749 ;12;13.49;15770;
Cubells;Noguera;250791;499;39.17;338;
Cunit;Baix Penedès;430516;10;9.74;13533;
Darnius;Alt Empordà;170600;193;34.93;537;
Das;Cerdanya;170617;1 219;14.58;234;
Deltebre;Baix Ebre;439018;6;107.44;11578;
Dosrius;Maresme;080752 ;147;40.73;5652;
Duesaigües;Baix Camp;430537;268;13.58;244;
Escala. l';Alt Empordà;170622;14;16.31;10244;
Esparreguera;Baix Llobregat;080765 ;187;27.4;22302;
Espinelves;Osona;170638;752;17.43;221;
Espluga Calba. l';Garrigues;250812;434;21.53;329;
Espluga de Francolí. l';Conca de Barberà;430542;411;56.97;3736;
Esplugues de Llobregat;Baix Llobregat;080771 ;110;4.6;47150;
Espolla;Alt Empordà;170643;124;43.55;412;
Esponellà;Pla de l'Estany;170656;142;16.06;463;
Espot;Pallars Sobirà;250827;1 318;97.3;366;
Espunyola. l';Berguedà;080787 ;803;35.46;242;
Esquirol. l';Osona;082541 ;693;61.8;2186;
Estamariu;Alt Urgell;250886;1 084;21.16;125;
Estany. l';Moianès;080790 ;870;10.25;408;
Estaràs;Segarra;250851;596;20.99;156;
Esterri d'Àneu;Pallars Sobirà;250864;957;8.49;804;
Esterri de Cardós;Pallars Sobirà;250870;1 212;16.55;64;
Falset;Priorat;430555;364;31.62;2735;
Far d'Empordà. el;Alt Empordà;170059;44;9;602;
Farrera;Pallars Sobirà;250899;1 294;61.87;108;
Fatarella. la;Terra Alta;430568;487;56.52;926;
Febró. la;Baix Camp;430574;754;16.08;40;
Figaró-Montmany;Vallès Oriental;081347 ;330;14.99;1142;
Fígols;Berguedà;080804 ;1 154;29.31;43;
Fígols i Alinyà;Alt Urgell;259084;602;101.8;244;
Figuera. la;Priorat;430580;576;18.69;114;
Figueres;Alt Empordà;170669;39;19.3;47235;
Figuerola del Camp;Alt Camp;430593;474;22.72;329;
Flaçà;Gironès;170675;34;6.53;1130;
Flix;Ribera d'Ebre;430607;47;116.9;3410;
Floresta. la;Garrigues;250925;316;5.46;140;
Fogars de la Selva;Selva;080826 ;45;32.12;1469;
Fogars de Montclús;Vallès Oriental;080811 ;386;39.72;475;
Foixà;Baix Empordà;170681;85;18.8;303;
Folgueroles;Osona;080832 ;552;10.47;2265;
Fondarella;Pla d'Urgell;250931;243;5.43;776;
Fonollosa;Bages;080847 ;525;51.67;1459;
Fontanals de Cerdanya;Cerdanya;170694;1 180;28.65;437;
Fontanilles;Baix Empordà;170708;29;9.28;146;
Fontcoberta;Pla de l'Estany;170715;207;17.28;1469;
Font-rubí;Alt Penedès;080850 ;319;37.42;1414;
Foradada;Noguera;250946;455;28.55;203;
Forallac;Baix Empordà;179026;51;50.63;1695;
Forès;Conca de Barberà;430614;866;16.03;43;
Fornells de la Selva;Gironès;170736;102;11.86;2670;
Fortià;Alt Empordà;170741;8;10.76;787;
Franqueses del Vallès. les;Vallès Oriental;080863 ;181;29.14;20364;
Freginals;Montsià;430629;126;17.59;385;
Fuliola. la;Urgell;250962;275;11.05;1250;
Fulleda;Garrigues;250978;581;16.18;102;
Gaià;Bages;080902 ;481;39.48;183;
Galera. la;Montsià;430635;112;27.47;736;
Gallifa;Vallès Occidental;080879 ;502;16.33;167;
Gandesa;Terra Alta;430640;363;71.15;3096;
Garcia;Ribera d'Ebre;430653;73;52.37;527;
Garidells. els;Alt Camp;430666;132;3.07;190;
Garriga. la;Vallès Oriental;080885 ;252;18.8;16668;
Garrigàs;Alt Empordà;170754;101;19.89;451;
Garrigoles;Baix Empordà;170767;92;9.4;167;
Garriguella;Alt Empordà;170773;56;21.01;853;
Gavà;Baix Llobregat;080898 ;9;30.75;47057;
Gavet de la Conca;Pallars Jussà;250984;421;90.9;261;
Gelida;Alt Penedès;080919 ;196;26.69;7670;
Ger;Cerdanya;170789;1 135;33.38;449;
Gimenells i el Pla de la Font;Segrià;259123;258;55.84;1120;
Ginestar;Ribera d'Ebre;430672;26;15.84;764;
Girona;Gironès;170792;70;39.12;103369;
Gironella;Berguedà;080924 ;469;6.78;4946;
Gisclareny;Berguedà;080930 ;1 340;36.47;26;
Godall;Montsià;430688;168;33.62;598;
Golmés;Pla d'Urgell;250997;275;16.62;1855;
Gombrèn;Ripollès;170806;919;43.26;192;
Gósol;Berguedà;251001;1 423;56.29;206;
Granada. la;Alt Penedès;080945 ;272;6.52;2208;
Granadella. la;Garrigues;251018;528;88.7;716;
Granera;Moianès;080958 ;782;23.73;77;
Granja d'Escarp. la;Segrià;251023;78;38.51;922;
Granollers;Vallès Oriental;080961 ;145;14.87;62419;
Granyanella;Segarra;251039;508;24.35;143;
Granyena de les Garrigues;Garrigues;251057;366;20.47;140;
Granyena de Segarra;Segarra;251044;636;16.3;151;
Gratallops;Priorat;430691;321;13.52;237;
Gualba;Vallès Oriental;080977 ;177;23.29;1548;
Gualta;Baix Empordà;170813;15;9.02;402;
Guardiola de Berguedà;Berguedà;080996 ;720;61.73;941;
Guiamets. els;Priorat;430705;226;12.14;278;
Guils de Cerdanya;Cerdanya;170828;1 385;22.02;549;
Guimerà;Urgell;251095;555;25.76;271;
Guingueta d'Àneu. la;Pallars Sobirà;259031;919;108.42;289;
Guissona;Segarra;251109;484;18.1;7248;
Guixers;Solsonès;251116;840;66.44;132;
Gurb;Osona;081000 ;516;51.57;2713;
Horta de Sant Joan;Terra Alta;430712;542;118.99;1146;
Hospitalet de Llobregat. l';Barcelonès;081017 ;8;12.4;269382;
Hostalets de Pierola. els;Anoia;081629 ;361;33.49;2980;
Hostalric;Selva;170834;189;3.39;4291;
Igualada;Anoia;081022 ;313;8.11;40742;
Isona i Conca Dellà;Pallars Jussà;251155;659;139.37;1042;
Isòvol;Cerdanya;170849;1 088;10.81;281;
Ivars d'Urgell;Pla d'Urgell;251137;265;24.32;1537;
Ivars de Noguera;Noguera;251121;314;27.14;332;
Ivorra;Segarra;251142;567;15.36;108;
Jafre;Baix Empordà;170852;44;6.64;387;
Jonquera. la;Alt Empordà;170865;110;56.93;3320;
Jorba;Anoia;081038 ;380;30.9;833;
Josa i Tuixén;Alt Urgell;259101;1 206;68.16;103;
Juià;Gironès;170871;94;8.36;319;
Juncosa;Garrigues;251180;575;76.49;395;
Juneda;Garrigues;251193;264;47.33;3501;
Les;Val d'Aran;251214;634;23.45;971;
Linyola;Pla d'Urgell;251229;248;28.66;2717;
Llacuna. la;Anoia;081043 ;615;52.23;903;
Lladó;Alt Empordà;170887;197;13.5;844;
Lladorre;Pallars Sobirà;251235;1 052;146.98;237;
Lladurs;Solsonès;251240;834;128.03;180;
Llagosta. la;Vallès Oriental;081056 ;45;3.03;13587;
Llagostera;Gironès;170890;160;76.38;8647;
Llambilles;Gironès;170904;143;14.58;713;
Llanars;Ripollès;170911;983;24.73;535;
Llançà;Alt Empordà;170926;4;27.98;4775;
Llardecans;Segrià;251253;397;66.04;444;
Llavorsí;Pallars Sobirà;251266;811;68.51;346;
Lleida;Segrià;251207;155;212.3;140403;
Llers;Alt Empordà;170932;142;21.28;1237;
Lles de Cerdanya;Cerdanya;251272;1 471;102.79;270;
Lliçà d'Amunt;Vallès Oriental;081075 ;145;22.33;15469;
Lliçà de Vall;Vallès Oriental;081081 ;125;10.83;6497;
Llimiana;Pallars Jussà;251288;790;41.68;146;
Llinars del Vallès;Vallès Oriental;081069 ;198;27.63;10018;
Llívia;Cerdanya;170947;1 224;12.93;1431;
Lloar. el;Priorat;430727;219;6.64;105;
Llobera;Solsonès;251291;855;39.23;188;
Llorac;Conca de Barberà;430733;648;23.33;91;
Llorenç del Penedès;Baix Penedès;430748;162;4.61;2395;
Lloret de Mar;Selva;170950;5;48.71;39089;
Llosses. les;Ripollès;170963;895;114.02;212;
Lluçà;Osona;081094 ;745;52.98;276;
Maçanet de Cabrenys;Alt Empordà;171024;370;67.91;698;
Maçanet de la Selva;Selva;171030;100;45.58;7066;
Madremanya;Gironès;170979;177;13.72;288;
Maià de Montcal;Garrotxa;170985;241;17.29;463;
Maials;Segrià;251333;395;57.08;909;
Maldà;Urgell;251305;428;31.36;227;
Malgrat de Mar;Maresme;081108 ;4;8.82;18772;
Malla;Osona;081115 ;580;11.01;272;
Manlleu;Osona;081120 ;461;17.23;20912;
Manresa;Bages;081136 ;238;41.65;78245;
Marçà;Priorat;430764;315;16.06;600;
Margalef;Priorat;430751;379;34.66;106;
Marganell;Bages;082423 ;291;13.53;266;
Martorell;Baix Llobregat;081141 ;56;12.76;28772;
Martorelles;Vallès Oriental;081154 ;96;3.61;4820;
Mas de Barberans;Montsià;430770;348;78.8;564;
Masarac;Alt Empordà;171002;85;12.55;288;
Masdenverge;Montsià;430786;54;14.61;1071;
Masies de Roda. les;Osona;081167 ;468;16.41;719;
Masies de Voltregà. les;Osona;081173 ;533;22.35;3132;
Masllorenç;Baix Penedès;430799;304;6.55;505;
Masnou. el;Maresme;081189 ;27;3.39;23831;
Masó. la;Alt Camp;430803;115;3.57;280;
Maspujols;Baix Camp;430810;214;3.66;823;
Masquefa;Anoia;081192 ;257;17.06;9402;
Masroig. el;Priorat;430825;192;15.51;492;
Massalcoreig;Segrià;251312;94;14.14;610;
Massanes;Selva;171019;164;26.07;796;
Massoteres;Segarra;251327;502;26.11;212;
Matadepera;Vallès Occidental;081206 ;423;25.36;9496;
Mataró;Maresme;081213 ;28;22.53;129661;
Mediona;Alt Penedès;081228 ;430;47.55;2369;
Menàrguens;Noguera;251348;205;20.25;813;
Meranges;Cerdanya;170998;1 539;37.34;100;
Mieres;Garrotxa;171058;286;26.29;345;
Milà. el;Alt Camp;430831;166;4.13;190;
Miralcamp;Pla d'Urgell;251351;287;14.87;1385;
Miravet;Ribera d'Ebre;430846;43;32.33;706;
Moià;Moianès;081385 ;717;75.31;6383;
Molar. el;Priorat;430859;228;22.81;291;
Molins de Rei;Baix Llobregat;081234 ;37;15.94;25940;
Mollerussa;Pla d'Urgell;251370;250;7.08;14649;
Mollet de Peralada;Alt Empordà;171061;59;6.04;198;
Mollet del Vallès;Vallès Oriental;081249 ;65;10.77;51600;
Molló;Ripollès;171077;1 182;43.09;336;
Molsosa. la;Solsonès;251364;667;26.89;104;
Monistrol de Calders;Moianès;081287 ;447;21.97;702;
Monistrol de Montserrat;Bages;081271 ;161;11.77;3139;
Montagut i Oix;Garrotxa;171096;276;93.7;930;
Montblanc;Conca de Barberà;430862;350;91.07;7379;
Montbrió del Camp;Baix Camp;430884;132;10.7;2909;
Montcada i Reixac;Vallès Occidental;081252 ;36;23.47;36803;
Montclar;Berguedà;081304 ;728;21.89;139;
Montellà i Martinet;Cerdanya;251399;967;54.95;578;
Montesquiu;Osona;081311 ;577;4.94;1030;
Montferrer i Castellbò;Alt Urgell;251403;732;176.66;1034;
Montferri;Alt Camp;430897;229;19.15;403;
Montgai;Noguera;251386;286;28.94;643;
Montgat;Maresme;081265 ;20;2.91;12200;
Montmajor;Berguedà;081326 ;756;76.49;469;
Montmaneu;Anoia;081332 ;709;13.62;151;
Montmell. el;Baix Penedès;430901;429;72.8;1582;
Montmeló;Vallès Oriental;081350 ;72;4;8831;
Montoliu de Lleida;Segrià;251425;166;7.34;483;
Montoliu de Segarra;Segarra;251410;689;29.47;187;
Montornès de Segarra;Segarra;251431;605;12.32;96;
Montornès del Vallès;Vallès Oriental;081363 ;116;10.23;16644;
Mont-ral;Alt Camp;430918;888;34.72;168;
Mont-ras;Baix Empordà;171100;88;12.31;1680;
Mont-roig del Camp;Baix Camp;430923;120;63.32;12460;
Montseny;Vallès Oriental;081379 ;528;26.77;351;
Móra d'Ebre;Ribera d'Ebre;430939;38;45.12;5695;
Móra la Nova;Ribera d'Ebre;430944;31;15.93;3108;
Morell. el;Tarragonès;430957;104;5.94;3742;
Morera de Montsant. la;Priorat;430960;743;52.88;159;
Muntanyola;Osona;081290 ;807;40.3;632;
Mura;Bages;081398 ;454;47.79;220;
Nalec;Urgell;251459;487;9.25;90;
Naut Aran;Val d'Aran;250254;1 267;255.75;1836;
Navarcles;Bages;081402 ;269;5.52;6057;
Navàs;Bages;081419 ;370;80.62;6018;
Navata;Alt Empordà;171117;145;18.48;1427;
Navès;Solsonès;251462;610;145.27;284;
Nou de Berguedà. la;Berguedà;081424 ;876;25.01;162;
Nou de Gaià. la;Tarragonès;430976;93;4.32;600;
Nulles;Alt Camp;430982;231;10.61;509;
Odèn;Solsonès;251484;1 130;114.38;258;
Òdena;Anoia;081430 ;421;52.66;3668;
Ogassa;Ripollès;171122;951;45.22;240;
Olèrdola;Alt Penedès;081458 ;189;30.15;3768;
Olesa de Bonesvalls;Alt Penedès;081461 ;265;30.79;1840;
Olesa de Montserrat;Baix Llobregat;081477 ;124;16.63;24144;
Oliana;Alt Urgell;251497;469;32.37;1843;
Oliola;Noguera;251500;452;86.28;203;
Olius;Solsonès;251517;742;54.84;981;
Olivella;Garraf;081483 ;211;38.75;3935;
Olost;Osona;081496 ;572;29.37;1202;
Olot;Garrotxa;171143;443;29.03;35926;
Oluges. les;Segarra;251522;528;18.95;171;
Olvan;Berguedà;081445 ;553;35.58;858;
Omellons. els;Garrigues;251538;385;11.06;206;
Omells de na Gaia. els;Urgell;251543;560;13.48;130;
Ordis;Alt Empordà;171156;98;8.55;361;
Organyà;Alt Urgell;251556;558;12.53;771;
Orís;Osona;081509 ;576;27.17;322;
Oristà;Osona;081516 ;468;68.49;549;
Orpí;Anoia;081521 ;375;15.23;151;
Òrrius;Maresme;081537 ;259;5.66;758;
Os de Balaguer;Noguera;251569;463;135.96;980;
Osor;Selva;171169;340;52.07;428;
Ossó de Sió;Urgell;251575;391;26.29;203;
Pacs del Penedès;Alt Penedès;081542 ;201;6.27;918;
Palafolls;Maresme;081555 ;16;16.56;9613;
Palafrugell;Baix Empordà;171175;64;26.88;23244;
Palamós;Baix Empordà;171181;12;13.98;18135;
Palau d'Anglesola. el;Pla d'Urgell;251581;250;12.27;2166;
Palau de Santa Eulàlia;Alt Empordà;171194;86;8.44;90;
Palau-sator;Baix Empordà;171215;20;12.39;310;
Palau-saverdera;Alt Empordà;171208;78;16.45;1456;
Palau-solità i Plegamans;Vallès Occidental;081568 ;130;14.93;14892;
Pallaresos. els;Tarragonès;431009;120;5.13;4850;
Pallejà;Baix Llobregat;081574 ;41;8.3;11622;
Palma d'Ebre. la;Ribera d'Ebre;430995;335;37.92;338;
Palma de Cervelló. la;Baix Llobregat;089058 ;100;5.46;2992;
Palol de Revardit;Pla de l'Estany;171236;152;17.98;448;
Pals;Baix Empordà;171241;55;25.83;2395;
Papiol. el;Baix Llobregat;081580 ;135;8.95;4172;
Pardines;Ripollès;171254;1 226;31.05;169;
Parets del Vallès;Vallès Oriental;081593 ;98;9.12;19071;
Parlavà;Baix Empordà;171267;40;6.18;391;
Passanant i Belltall;Conca de Barberà;431016;714;27.35;155;
Pau;Alt Empordà;171289;33;10.7;557;
Paüls;Baix Ebre;431021;378;43.83;545;
Pedret i Marzà;Alt Empordà;171292;22;8.65;191;
Penelles;Noguera;251641;276;25.51;436;
Pera. la;Baix Empordà;171306;93;11.54;435;
Perafita;Osona;081607 ;754;19.59;405;
Perafort;Tarragonès;431037;125;9.54;1264;
Peralada;Alt Empordà;171328;32;43.61;1898;
Peramola;Alt Urgell;251654;566;56.17;347;
Perelló. el;Baix Ebre;431042;142;100.67;2826;
Piera;Anoia;081614 ;324;57.2;16134;
Piles. les;Conca de Barberà;431055;676;22.39;210;
Pineda de Mar;Maresme;081635 ;10;10.74;27984;
Pinell de Brai. el;Terra Alta;431068;189;56.99;1008;
Pinell de Solsonès;Solsonès;251667;800;91.11;193;
Pinós;Solsonès;251673;823;104.32;286;
Pira;Conca de Barberà;431074;385;8.01;503;
Pla de Santa Maria. el;Alt Camp;431080;381;34.99;2348;
Pla del Penedès. el;Alt Penedès;081640 ;216;9.57;1275;
Planes d'Hostoles. les;Garrotxa;171334;370;37.5;1712;
Planoles;Ripollès;171349;1 136;18.75;304;
Plans de Sió. els;Segarra;259118;412;55.89;491;
Poal. el;Pla d'Urgell;251689;216;8.88;670;
Pobla de Cérvoles. la;Garrigues;251692;663;61.92;189;
Pobla de Claramunt. la;Anoia;081653 ;265;18.54;2185;
Pobla de Lillet. la;Berguedà;081666 ;843;51.45;1093;
Pobla de Mafumet. la;Tarragonès;431093;98;6.21;3971;
Pobla de Massaluca. la;Terra Alta;431107;357;43.4;317;
Pobla de Montornès. la;Tarragonès;431114;56;12.29;2884;
Pobla de Segur. la;Pallars Jussà;251713;524;32.83;3043;
Poboleda;Priorat;431129;343;13.95;321;
Polinyà;Vallès Occidental;081672 ;123;8.79;8504;
Pont d'Armentera. el;Alt Camp;431135;349;21.67;488;
Pont de Bar. el;Alt Urgell;250306;861;42.62;152;
Pont de Molins;Alt Empordà;171352;43;8.66;516;
Pont de Suert. el;Alta Ribagorça;251734;838;148.14;2257;
Pont de Vilomara i Rocafort. el;Bages;081825 ;202;27.41;3907;
Pontils;Conca de Barberà;431418;551;67.56;122;
Pontons;Alt Penedès;081688 ;584;25.94;528;
Pontós;Alt Empordà;171365;94;13.66;260;
Ponts;Noguera;251728;363;30.52;2644;
Porqueres;Pla de l'Estany;171371;148;33.52;4677;
Porrera;Priorat;431140;316;28.83;424;
Port de la Selva. el;Alt Empordà;171404;12;41.62;958;
Portbou;Alt Empordà;171387;28;9.22;1063;
Portella. la;Segrià;251749;259;12.31;743;
Pradell de la Teixeta;Priorat;431153;463;21.83;158;
Prades;Baix Camp;431166;950;32.58;588;
Prat de Comte;Terra Alta;431172;363;26.43;177;
Prat de Llobregat. el;Baix Llobregat;081691 ;8;31.41;65385;
Pratdip;Baix Camp;431188;245;36.27;726;
Prats de Lluçanès;Osona;081712 ;707;13.78;2604;
Prats de Rei. els;Anoia;081705 ;608;26.06;537;
Prats i Sansor;Cerdanya;251752;1 124;6.57;222;
Preixana;Urgell;251765;328;21.52;387;
Preixens;Noguera;251771;315;28.67;418;
Premià de Dalt;Maresme;082303 ;142;6.57;10441;
Premià de Mar;Maresme;081727 ;8;2.11;28531;
Preses. les;Garrotxa;171390;474;9.39;1855;
Prullans;Cerdanya;251790;1 096;21.21;226;
Puigcerdà;Cerdanya;171411;1 202;18.92;9486;
Puigdàlber;Alt Penedès;081748 ;239;0.4;524;
Puiggròs;Garrigues;251804;334;9.9;278;
Puigpelat;Alt Camp;431191;252;9.48;1163;
Puig-reig;Berguedà;081751 ;455;45.75;4295;
Puigverd d'Agramunt;Urgell;251811;366;17;229;
Puigverd de Lleida;Segrià;251826;219;12.51;1349;
Pujalt;Anoia;081764 ;770;31.43;210;
Quar. la;Berguedà;081770 ;885;38.25;49;
Quart;Gironès;171426;91;38.09;3798;
Queralbs;Ripollès;170433;1 236;93.47;188;
Querol;Alt Camp;431205;565;72.26;518;
Rabós;Alt Empordà;171432;106;45.1;184;
Rajadell;Bages;081786 ;361;45.53;534;
Rasquera;Ribera d'Ebre;431212;174;51.31;783;
Regencós;Baix Empordà;171447;78;6.27;276;
Rellinars;Vallès Occidental;081799 ;322;17.79;809;
Renau;Tarragonès;431227;175;8.22;162;
Reus;Baix Camp;431233;117;52.82;106168;
Rialp;Pallars Sobirà;251832;725;63.3;641;
Riba. la;Alt Camp;431248;263;7.99;585;
Riba-roja d'Ebre;Ribera d'Ebre;431251;76;99.14;1110;
Ribera d'Ondara;Segarra;259059;570;54.47;433;
Ribera d'Urgellet;Alt Urgell;251850;702;106.96;932;
Ribes de Freser;Ripollès;171450;912;41.87;1760;
Riells i Viabrea;Selva;171463;96;26.98;4153;
Riera de Gaià. la;Tarragonès;431264;28;8.76;1742;
Riner;Solsonès;251863;830;47.1;263;
Ripoll;Ripollès;171479;691;73.71;10803;
Ripollet;Vallès Occidental;081803 ;79;4.33;39179;
Riu de Cerdanya;Cerdanya;259139;1 173;12.34;93;
Riudarenes;Selva;171485;84;47.6;2204;
Riudaura;Garrotxa;171498;572;23.6;481;
Riudecanyes;Baix Camp;431270;195;17.1;1146;
Riudecols;Baix Camp;431286;299;19.46;1189;
Riudellots de la Selva;Selva;171501;98;13.12;2071;
Riudoms;Baix Camp;431299;125;32.43;6569;
Riumors;Alt Empordà;171518;7;6.54;246;
Roca del Vallès. la;Vallès Oriental;081810 ;123;36.9;10754;
Rocafort de Queralt;Conca de Barberà;431303;566;8.47;211;
Roda de Berà;Tarragonès;431310;57;16.5;6785;
Roda de Ter;Osona;081831 ;443;2.23;6490;
Rodonyà;Alt Camp;431325;312;8.49;494;
Roquetes;Baix Ebre;431331;14;136.92;8079;
Roses;Alt Empordà;171523;5;45.91;19807;
Rosselló;Segrià;251898;252;9.92;3237;
Rourell. el;Alt Camp;431346;114;2.32;372;
Rubí;Vallès Occidental;081846 ;123;32.3;78591;
Rubió;Anoia;081859 ;629;48;239;
Rupià;Baix Empordà;171539;66;5.29;273;
Rupit i Pruit;Osona;089019 ;822;47.81;271;
Sabadell;Vallès Occidental;081878 ;190;37.79;216520;
Sagàs;Berguedà;081884 ;738;44.6;145;
Salàs de Pallars;Pallars Jussà;251902;573;20.27;327;
Saldes;Berguedà;081901 ;1 215;66.4;278;
Sales de Llierca;Garrotxa;171544;260;35.82;159;
Sallent;Bages;081918 ;278;65.22;6735;
Salomó;Tarragonès;431359;165;12.21;549;
Salou;Tarragonès;439057;2;15.13;28526;
Salt;Gironès;171557;83;6.64;32138;
Sanaüja;Segarra;251919;409;32.99;379;
Sant Adrià de Besòs;Barcelonès;081944 ;14;3.82;37447;
Sant Agustí de Lluçanès;Osona;081957 ;816;13.22;89;
Sant Andreu de la Barca;Baix Llobregat;081960 ;42;5.5;27569;
Sant Andreu de Llavaneres;Maresme;081976 ;114;11.83;11133;
Sant Andreu Salou;Gironès;171576;132;5.96;160;
Sant Aniol de Finestres;Garrotxa;171833;289;47.73;345;
Sant Antoni de Vilamajor;Vallès Oriental;081982 ;258;13.7;6208;
Sant Bartomeu del Grau;Osona;081995 ;868;34.4;884;
Sant Boi de Llobregat;Baix Llobregat;082009 ;30;21.47;84500;
Sant Boi de Lluçanès;Osona;082016 ;813;19.53;580;
Sant Carles de la Ràpita;Montsià;431362;11;53.72;14953;
Sant Cebrià de Vallalta;Maresme;082037 ;71;15.68;3438;
Sant Celoni;Vallès Oriental;082021 ;152;65.23;18136;
Sant Climent de Llobregat;Baix Llobregat;082042 ;87;10.81;4160;
Sant Climent Sescebes;Alt Empordà;171582;86;24.37;707;
Sant Cugat del Vallès;Vallès Occidental;082055 ;124;48.23;92977;
Sant Cugat Sesgarrigues;Alt Penedès;082068 ;266;6.24;1009;
Sant Esteve de la Sarga;Pallars Jussà;251961;875;92.87;122;
Sant Esteve de Palautordera;Vallès Oriental;082074 ;231;10.64;2864;
Sant Esteve Sesrovires;Baix Llobregat;082080 ;183;18.56;7696;
Sant Feliu de Buixalleu;Selva;171595;402;61.94;797;
Sant Feliu de Codines;Vallès Oriental;082107 ;480;15;6363;
Sant Feliu de Guíxols;Baix Empordà;171609;4;16.23;22097;
Sant Feliu de Llobregat;Baix Llobregat;082114 ;25;11.82;45467;
Sant Feliu de Pallerols;Garrotxa;171616;473;34.86;1437;
Sant Feliu Sasserra;Bages;082129 ;617;22.36;605;
Sant Ferriol;Garrotxa;171621;146;42.24;236;
Sant Fost de Campsentelles;Vallès Oriental;082093 ;112;13.15;8853;
Sant Fruitós de Bages;Bages;082135 ;247;22.2;8837;
Sant Gregori;Gironès;171637;112;49.17;3928;
Sant Guim de Freixenet;Segarra;251924;738;25.1;1037;
Sant Guim de la Plana;Segarra;251977;556;12.45;181;
Sant Hilari Sacalm;Selva;171642;803;83.28;5703;
Sant Hipòlit de Voltregà;Osona;082153 ;536;0.92;3540;
Sant Iscle de Vallalta;Maresme;081939 ;129;17.77;1342;
Sant Jaume d'Enveja;Montsià;439023;7;60.79;3527;
Sant Jaume de Frontanyà;Berguedà;082166 ;1 072;21.26;30;
Sant Jaume de Llierca;Garrotxa;171655;203;6.75;871;
Sant Jaume dels Domenys;Baix Penedès;431378;213;24.45;2624;
Sant Joan de les Abadesses;Ripollès;171674;773;53.67;3224;
Sant Joan de Mollet;Gironès;171680;54;3.15;498;
Sant Joan de Vilatorrada;Bages;082188 ;277;16.42;10998;
Sant Joan Despí;Baix Llobregat;082172 ;10;6.17;34267;
Sant Joan les Fonts;Garrotxa;171851;342;31.94;3044;
Sant Jordi Desvalls;Gironès;171668;57;11.72;760;
Sant Julià de Cerdanyola;Berguedà;089030 ;954;11.79;229;
Sant Julià de Ramis;Gironès;171693;128;18.8;3576;
Sant Julià de Vilatorta;Osona;082205 ;600;15.94;3140;
Sant Julià del Llor i Bonmatí;Selva;179032;160;9.73;1313;
Sant Just Desvern;Baix Llobregat;082212 ;122;7.81;18670;
Sant Llorenç d'Hortons;Alt Penedès;082227 ;196;19.72;2428;
Sant Llorenç de la Muga;Alt Empordà;171714;173;31.84;265;
Sant Llorenç de Morunys;Solsonès;251930;925;4.34;960;
Sant Llorenç Savall;Vallès Occidental;082233 ;466;41.11;2417;
Sant Martí d'Albars;Osona;082251 ;629;14.73;114;
Sant Martí de Centelles;Osona;082248 ;404;25.55;1184;
Sant Martí de Llémena;Gironès;171729;256;43.13;641;
Sant Martí de Riucorb;Urgell;259025;409;34.9;639;
Sant Martí de Tous;Anoia;082264 ;465;39.21;1228;
Sant Martí Sarroca;Alt Penedès;082270 ;291;35.27;3261;
Sant Martí Sesgueioles;Anoia;082286 ;646;3.87;342;
Sant Martí Vell;Gironès;171735;65;17.52;251;
Sant Mateu de Bages;Bages;082299 ;569;102.92;608;
Sant Miquel de Campmajor;Pla de l'Estany;171740;217;33.22;229;
Sant Miquel de Fluvià;Alt Empordà;171753;28;3.51;761;
Sant Mori;Alt Empordà;171766;51;7.53;166;
Sant Pau de Segúries;Ripollès;171772;867;8.74;688;
Sant Pere de Ribes;Garraf;082310 ;44;40.8;31111;
Sant Pere de Riudebitlles;Alt Penedès;082325 ;246;5.38;2380;
Sant Pere de Torelló;Osona;082331 ;621;55.13;2470;
Sant Pere de Vilamajor;Vallès Oriental;082346 ;305;34.72;4544;
Sant Pere Pescador;Alt Empordà;171788;5;18.45;2090;
Sant Pere Sallavinera;Anoia;081897 ;588;22.02;151;
Sant Pol de Mar;Maresme;082359 ;15;7.53;5428;
Sant Quintí de Mediona;Alt Penedès;082362 ;326;13.84;2317;
Sant Quirze de Besora;Osona;082378 ;587;8.1;2154;
Sant Quirze del Vallès;Vallès Occidental;082384 ;188;14.07;20195;
Sant Quirze Safaja;Moianès;082397 ;627;26.21;631;
Sant Ramon;Segarra;251945;641;18.53;487;
Sant Sadurní d'Anoia;Alt Penedès;082401 ;162;18.96;12841;
Sant Sadurní d'Osormort;Osona;082418 ;531;30.6;76;
Sant Salvador de Guardiola;Bages;080983 ;334;37.15;3221;
Sant Vicenç de Castellet;Bages;082628 ;176;17.13;9767;
Sant Vicenç de Montalt;Maresme;082649 ;143;8.05;6452;
Sant Vicenç de Torelló;Osona;082652 ;555;6.56;2058;
Sant Vicenç dels Horts;Baix Llobregat;082634 ;22;9.12;28268;
Santa Bàrbara;Montsià;431384;79;28.15;3715;
Santa Cecília de Voltregà;Osona;082439 ;519;8.63;182;
Santa Coloma de Cervelló;Baix Llobregat;082444 ;73;7.49;8268;
Santa Coloma de Farners;Selva;171805;142;70.64;13363;
Santa Coloma de Gramenet;Barcelonès;082457 ;56;7;120443;
Santa Coloma de Queralt;Conca de Barberà;431397;674;33.85;2672;
Santa Cristina d'Aro;Baix Empordà;171812;30;67.55;5287;
Santa Eugènia de Berga;Osona;082460 ;538;7.01;2278;
Santa Eulàlia de Riuprimer;Osona;082476 ;568;13.82;1383;
Santa Eulàlia de Ronçana;Vallès Oriental;082482 ;236;14.23;7426;
Santa Fe del Penedès;Alt Penedès;082495 ;240;3.4;367;
Santa Llogaia d'Àlguema;Alt Empordà;171827;42;1.94;368;
Santa Margarida de Montbui;Anoia;082508 ;316;27.59;10225;
Santa Margarida i els Monjos;Alt Penedès;082515 ;161;17.16;7676;
Santa Maria d'Oló;Moianès;082589 ;542;66.21;1024;
Santa Maria de Besora;Osona;082536 ;866;24.73;161;
Santa Maria de Martorelles;Vallès Oriental;082567 ;181;4.51;890;
Santa Maria de Merlès;Berguedà;082554 ;532;52.08;184;
Santa Maria de Miralles;Anoia;082573 ;543;25.04;119;
Santa Maria de Palautordera;Vallès Oriental;082592 ;208;16.94;9630;
Santa Oliva;Baix Penedès;431401;101;9.65;3353;
Santa Pau;Garrotxa;171848;496;49.01;1614;
Santa Perpètua de Mogoda;Vallès Occidental;082606 ;74;15.83;25999;
Santa Susanna;Maresme;082613 ;10;12.63;3548;
Santpedor;Bages;081923 ;336;16.59;7604;
Sarral;Conca de Barberà;431423;467;52.39;1538;
Sarrià de Ter;Gironès;171864;70;4.16;5229;
Sarroca de Bellera;Pallars Jussà;252017;1 002;87.51;116;
Sarroca de Lleida;Segrià;252000;201;42.18;358;
Saus. Camallera i Llampaies;Alt Empordà;171870;86;11.36;856;
Savallà del Comtat;Conca de Barberà;431439;825;14.8;53;
Secuita. la;Tarragonès;431444;169;17.77;1708;
Selva de Mar. la;Alt Empordà;171886;48;7.19;195;
Selva del Camp. la;Baix Camp;431457;246;35.31;5683;
Senan;Conca de Barberà;431460;652;11.7;44;
Sénia. la;Montsià;430445;369;108.41;5640;
Senterada;Pallars Jussà;252022;729;34.45;139;
Sentiu de Sió. la;Noguera;250352;281;29.62;414;
Sentmenat;Vallès Occidental;082671 ;207;28.8;9235;
Serinyà;Pla de l'Estany;171903;188;17.38;1133;
Seròs;Segrià;252043;103;85.75;1946;
Serra de Daró;Baix Empordà;171910;15;7.91;222;
Setcases;Ripollès;171925;1 265;49.12;170;
Seu d'Urgell. la;Alt Urgell;252038;691;15.45;12206;
Seva;Osona;082690 ;663;30.4;3544;
Sidamon;Pla d'Urgell;252056;232;8.12;748;
Sils;Selva;171931;76;29.91;6219;
Sitges;Garraf;082704 ;10;43.85;29553;
Siurana;Alt Empordà;170524;33;10.53;171;
Sobremunt;Osona;082711 ;881;13.79;78;
Soleràs. el;Garrigues;252069;381;12.23;332;
Solivella;Conca de Barberà;431476;489;21.37;632;
Solsona;Solsonès;252075;664;17.7;9137;
Sora;Osona;082726 ;716;31.73;212;
Soriguera;Pallars Sobirà;252081;1 258;106.39;420;
Sort;Pallars Sobirà;252094;692;105.05;2154;
Soses;Segrià;252108;118;30.16;1761;
Subirats;Alt Penedès;082732 ;243;55.9;3104;
Sudanell;Segrià;252115;152;8.69;840;
Sunyer;Segrià;252120;211;12.66;343;
Súria;Bages;082747 ;326;23.6;5948;
Susqueda;Selva;171946;816;50.61;93;
Tagamanent;Vallès Oriental;082763 ;354;43.31;318;
Talamanca;Bages;082779 ;552;29.43;209;
Talarn;Pallars Jussà;252154;572;27.95;595;
Talavera;Segarra;252167;791;30.11;279;
Tallada d'Empordà. la;Baix Empordà;171959;20;16.56;454;
Taradell;Osona;082785 ;623;26.48;6640;
Tarragona;Tarragonès;431482;68;57.88;136496;
Tàrrega;Urgell;252173;373;88.36;17445;
Tarrés;Garrigues;252189;578;13.01;102;
Tarroja de Segarra;Segarra;252192;460;7.61;188;
Tavèrnoles;Osona;082750 ;537;18.76;322;
Tavertet;Osona;082802 ;869;32.49;105;
Teià;Maresme;082819 ;128;6.63;6427;
Térmens;Noguera;252206;208;27.54;1360;
Terrades;Alt Empordà;171962;228;20.96;338;
Terrassa;Vallès Occidental;082798 ;277;70.16;223627;
Tiana;Maresme;082824 ;136;7.95;8945;
Tírvia;Pallars Sobirà;252213;991;8.5;134;
Tiurana;Noguera;252228;387;15.86;77;
Tivenys;Baix Ebre;431495;13;53.54;902;
Tivissa;Ribera d'Ebre;431508;309;209.43;1619;
Tona;Osona;082830 ;596;16.54;8356;
Torà;Segarra;252234;448;93.31;1237;
Tordera;Maresme;082845 ;34;84.09;17519;
Torelló;Osona;082858 ;508;13.48;14400;
Torms. els;Garrigues;252249;476;13.75;138;
Tornabous;Urgell;252252;289;24.17;822;
Torre de Cabdella. la;Pallars Jussà;252271;1 075;165.27;759;
Torre de Claramunt. la;Anoia;082861 ;363;15.02;3741;
Torre de Fontaubella. la;Priorat;431515;369;7.11;131;
Torre de l'Espanyol. la;Ribera d'Ebre;431520;164;27.9;601;
Torrebesses;Segrià;252265;287;27.45;267;
Torredembarra;Tarragonès;431536;15;8.71;16567;
Torrefarrera;Segrià;252287;214;23.49;4694;
Torrefeta i Florejacs;Segarra;259078;475;88.91;607;
Torregrossa;Pla d'Urgell;252304;232;40.52;2179;
Torrelameu;Noguera;252311;201;10.93;735;
Torrelavit;Alt Penedès;082877 ;202;23.65;1422;
Torrelles de Foix;Alt Penedès;082883 ;367;36.72;2398;
Torrelles de Llobregat;Baix Llobregat;082896 ;126;13.56;6073;
Torrent;Baix Empordà;171978;44;7.96;164;
Torres de Segre;Segrià;252326;119;50.61;2366;
Torre-serona;Segrià;252332;197;5.89;398;
Torroella de Fluvià;Alt Empordà;171984;9;16.85;703;
Torroella de Montgrí;Baix Empordà;171997;31;65.93;11836;
Torroja del Priorat;Priorat;431541;332;13.16;152;
Tortellà;Garrotxa;172001;276;11.07;818;
Tortosa;Baix Ebre;431554;12;218.51;33439;
Toses;Ripollès;172018;1 444;57.88;168;
Tossa de Mar;Selva;172023;5;38.58;5818;
Tremp;Pallars Jussà;252347;468;302.82;5911;
Ullà;Baix Empordà;172044;21;7.29;1177;
Ullastrell;Vallès Occidental;082900 ;342;7.31;2089;
Ullastret;Baix Empordà;172057;49;11.09;274;
Ulldecona;Montsià;431567;133;126.88;6525;
Ulldemolins;Priorat;431573;650;38.17;398;
Ultramort;Baix Empordà;172039;30;4.35;225;
Urús;Cerdanya;172060;1 263;17.42;196;
Vacarisses;Vallès Occidental;082917 ;382;40.7;6832;
Vajol. la;Alt Empordà;170144;546;4.71;89;
Vall d'en Bas. la;Garrotxa;172076;510;90.67;3093;
Vall de Bianya. la;Garrotxa;172082;367;93.62;1275;
Vall de Boí. la;Alta Ribagorça;250432;1 111;219.49;1019;
Vall de Cardós;Pallars Sobirà;259010;898;56.2;350;
Vallbona d'Anoia;Anoia;082922 ;289;6.45;1357;
Vallbona de les Monges;Urgell;252385;481;34.14;243;
Vallcebre;Berguedà;082938 ;1 123;27.99;249;
Vallclara;Conca de Barberà;431589;625;13.63;88;
Vallfogona de Balaguer;Noguera;252402;235;26.97;1906;
Vallfogona de Ripollès;Ripollès;171707;956;39.2;196;
Vallfogona de Riucorb;Conca de Barberà;431592;573;10.94;77;
Vallgorguina;Vallès Oriental;082943 ;222;22.13;2988;
Vallirana;Baix Llobregat;082956 ;177;23.88;15312;
Vall-llobrega;Baix Empordà;172095;49;5.45;897;
Vallmoll;Alt Camp;431606;161;16.68;1774;
Vallromanes;Vallès Oriental;082969 ;153;10.65;2558;
Valls;Alt Camp;431613;215;55.28;24477;
Valls d'Aguilar. les;Alt Urgell;259062;669;123.81;245;
Valls de Valira. les;Alt Urgell;252398;740;171.25;784;
Vandellòs i l'Hospitalet de l'Infant;Baix Camp;431628;281;102.67;6603;
Vansa i Fórnols. la;Alt Urgell;259097;989;106.08;149;
Veciana;Anoia;082975 ;564;38.9;175;
Vendrell. el;Baix Penedès;431634;49;36.8;38373;
Ventalló;Alt Empordà;172109;28;25.05;846;
Verdú;Urgell;252424;434;35.79;902;
Verges;Baix Empordà;172116;23;9.7;1169;
Vespella de Gaià;Tarragonès;431649;191;18.04;417;
Vic;Osona;082981 ;484;30.58;47630;
Vidrà;Osona;172121;982;34.39;177;
Vidreres;Selva;172137;93;48.05;7951;
Vielha e Mijaran;Val d'Aran;252430;974;211.74;5611;
Vilabella;Alt Camp;431652;254;18.19;729;
Vilabertran;Alt Empordà;172142;19;2.29;993;
Vilablareix;Gironès;172155;99;6.17;3063;
Vilada;Berguedà;082994 ;757;22.34;419;
Viladamat;Alt Empordà;172174;13;11.73;458;
Viladasens;Gironès;172168;96;15.74;206;
Viladecans;Baix Llobregat;083015 ;18;20.4;67197;
Viladecavalls;Vallès Occidental;083008 ;274;20.09;7545;
Vilademuls;Pla de l'Estany;172180;120;61.54;835;
Viladrau;Osona;172207;821;50.73;1047;
Vilafant;Alt Empordà;172214;54;8.36;5421;
Vilafranca del Penedès;Alt Penedès;083054 ;223;19.65;40154;
Vilagrassa;Urgell;252445;355;19.87;560;
Vilajuïga;Alt Empordà;172235;31;13.13;1116;
Vilalba dels Arcs;Terra Alta;431750;450;67.25;621;
Vilalba Sasserra;Vallès Oriental;083067 ;200;6.05;753;
Vilaller;Alta Ribagorça;252458;981;59.23;549;
Vilallonga de Ter;Ripollès;172240;1 067;64.2;398;
Vilallonga del Camp;Tarragonès;431665;124;9.04;2405;
Vilamacolum;Alt Empordà;172253;5;5.57;377;
Vilamalla;Alt Empordà;172266;45;8.77;1161;
Vilamaniscle;Alt Empordà;172272;169;5.46;212;
Vilamòs;Val d'Aran;252477;1 255;15.44;178;
Vilanant;Alt Empordà;172288;98;16.87;386;
Vilanova d'Escornalbou;Baix Camp;431671;226;17.16;565;
Vilanova de Bellpuig;Pla d'Urgell;252483;290;13.98;1183;
Vilanova de l'Aguda;Noguera;252496;409;53.68;200;
Vilanova de la Barca;Segrià;252542;195;21.55;1088;
Vilanova de Meià;Noguera;252509;633;105.24;415;
Vilanova de Prades;Conca de Barberà;431687;893;21.51;107;
Vilanova de Sau;Osona;083036 ;558;58.84;312;
Vilanova de Segrià;Segrià;252516;255;8.51;985;
Vilanova del Camí;Anoia;083020 ;302;10.28;12596;
Vilanova del Vallès;Vallès Oriental;089024 ;91;15.2;5503;
Vilanova i la Geltrú;Garraf;083073 ;22;33.99;67733;
Vilaplana;Baix Camp;431690;366;23.2;555;
Vila-rodona;Alt Camp;431704;259;33.11;1276;
Vila-sacra;Alt Empordà;172305;16;6.03;758;
Vila-sana;Pla d'Urgell;252521;249;19.1;734;
Vila-seca;Tarragonès;431711;45;21.64;22555;
Vilassar de Dalt;Maresme;082140 ;142;8.86;9072;
Vilassar de Mar;Maresme;082191 ;10;4;21035;
Vilaür;Alt Empordà;172229;65;5.49;158;
Vilaverd;Conca de Barberà;431726;269;12.61;443;
Vilella Alta. la;Priorat;431732;327;5.15;133;
Vilella Baixa. la;Priorat;431747;218;5.62;204;
Vilobí d'Onyar;Selva;172333;122;32.59;3333;
Vilobí del Penedès;Alt Penedès;083041 ;286;9.34;1102;
Vilopriu;Baix Empordà;172327;82;16.38;204;
Vilosell. el;Garrigues;252537;665;18.88;173;
Vimbodí i Poblet;Conca de Barberà;431763;496;66.09;890;
Vinaixa;Garrigues;252555;479;37.59;450;
Vinebre;Ribera d'Ebre;431779;34;26.44;425;
Vinyols i els Arcs;Baix Camp;431785;95;10.83;2124;
Viver i Serrateix;Berguedà;083089 ;729;66.8;172;
Xerta;Baix Ebre;430521;12;32.39;1154;
;;;;;;
Institut d'Estadística de Catalunya;;;;;;
https://wwwidescatcat/pub/?id=aec&n=925&t=2020;;;;;;
